<?xml version="1.0" ?>
<mosinstall type="component">
	<name>Migrator</name>
	<creationDate>May 2007</creationDate>
	<author>Sam Moffatt</author>
	<copyright>Sam Moffatt (http://pasamio.id.au)</copyright>
	<authorEmail>pasamio@gmail.com</authorEmail>
	<authorUrl>pasamio.id.au</authorUrl>
	<version>1.2</version>
	<description>This components create SQL Dumps for the migration of content from Joomla! 1.0.x to Joomla! 1.5.</description>
	<install>
		<queries>
			<query>
CREATE TABLE #__migrator_tasks (
`taskid` INT(11) NOT NULL AUTO_INCREMENT,
`tablename` VARCHAR(50) NOT NULL,
`start` INT(11) NOT NULL,
`amount` INT(11) NOT NULL,
`total` INT(11) NOT NULL,
PRIMARY KEY(`taskid`)
)
			</query>
		</queries>
	</install>  
	<uninstall>
		<queries>
			<query>DROP TABLE #__migrator_tasks</query>
		</queries>
	</uninstall>
	<files>
		<filename>index.html</filename>
	</files>
	<administration>
		<menu>Migrator</menu>
		<files>
			<filename>index.html</filename>
			<filename>admin.migrator.php</filename>
			<filename>admin.migrator.html.php</filename>
			<filename>migrator.class.php</filename>		
			<filename>legacy/index.html</filename>
			<filename>legacy/admin.migrator.html.php</filename>
			<filename>legacy/legacy.php</filename>
			<filename>legacy/class.migrator.php</filename>
			<filename>legacy/main.migrator.php</filename>
			<filename>legacy/migrator.info.html</filename>
			<filename>legacy/toolbar.migrator.php</filename>
			<filename>legacy/toolbar.migrator.html.php</filename>
			<filename>tables/000migrator.sql</filename>
			<filename>tables/index.html</filename>
			<filename>footer/xmigrator.sql</filename>
			<filename>footer/index.html</filename>			
			<filename>resources/index.html</filename>			
			<filename>resources/3pd.english.html</filename>
			<filename>resources/default.english.html</filename>
			<filename>resources/add.english.html</filename>
			<filename>resources/done.english.html</filename>
			<filename>resources/purge.english.html</filename>
			<filename>resources/unwriteable.english.html</filename>
			<filename>tests/index.html</filename>
			<filename>tests/enumerator_test.php</filename>
			<filename>tests/plugin_test.php</filename>
			<filename>tests/taskbuilder_test.php</filename>
			<filename>tests/tasklist_test.php</filename>
			<filename>dumps/index.html</filename>
			<filename>images/index.html</filename>			
			<filename>images/info.png</filename>
			<filename>images/info_f2.png</filename>
			<filename>images/logo.png</filename>
<!--			<filename>images/backup.png</filename>
			<filename>images/backup_f2.png</filename>
			<filename>images/delete.png</filename>
			<filename>images/download.png</filename>
			<filename>images/sql_info.png</filename>-->
			<filename>language/english.php</filename>
			<filename>plugins/index.html</filename>			
			<filename>plugins/banner.php</filename>
			<filename>plugins/bannerclient.php</filename>
			<filename>plugins/categories.php</filename>
			<filename>plugins/contact_details.php</filename>
			<filename>plugins/content_frontpage.php</filename>
			<filename>plugins/content_rating.php</filename>
			<filename>plugins/content.php</filename>
			<filename>plugins/configuration.php</filename>
			<filename>plugins/core_acl_groups_aro_map.php</filename>
			<filename>plugins/core_acl_aro.php</filename>
			<filename>plugins/menu.php</filename>
			<filename>plugins/messages_cfg.php</filename>
			<filename>plugins/messages.php</filename>
			<filename>plugins/modules.php</filename>
			<filename>plugins/modules_menu.php</filename>			
			<filename>plugins/templates_menu.php</filename>
			<filename>plugins/newsfeeds.php</filename>
			<filename>plugins/poll_data.php</filename>
			<filename>plugins/poll_date.php</filename>
			<filename>plugins/poll_menu.php</filename>
			<filename>plugins/polls.php</filename>
			<filename>plugins/sections.php</filename>
			<filename>plugins/users.php</filename>
			<filename>plugins/weblinks.php</filename>
			<filename>plugins/backlink_migration.php</filename>
			<filename>plugins/core_acl_aro_groups.php</filename>
		</files>
	</administration>
</mosinstall>